{
	"rolePrivilage": [{
		"Name": "ADMIN"
	}, {
		"Name": "Z005564"
	}, {
		"Name": "Z003039"
	}, {
		"Name": "Z003302"
	}, {
		"Name": "Z002939"
	}, {
		"Name": "Z004722"
	}, {
		"Name": "Z005898"
	}, {
		"Name": "Z008558"
	}, {
		"Name": "Z002442"
	}, {
		"Name": "Z006962"
	}, {
		"Name": "Z007263"
	}, {
		"Name": "Z002940"
	}, {
		"Name": "Z004769"
	}, {
		"Name": "Z006949"
	}, {
		"Name": "Z007139"
	}, {
		"Name": "Z005751"
	}, {
		"Name": "Z008810"
	}, {
		"Name": "Z005317"
	}, {
		"Name": "Z006915"
	}, {
		"Name": "Z005562"
	}, {
		"Name": "Z006945"
	}, {
		"Name": "Z007251"
	}, {
		"Name": "Z002340"
	}, {
		"Name": "Z002209"
	}, {
		"Name": "Z002252"
	}, {
		"Name": "Z003864"
	}, {
		"Name": "Z010949"
	}, {
		"Name": "Z011067"
	}, {
		"Name": "Z012500"
	}, {
		"Name": "Z010982"
	}, {
		"Name": "Z007432"
	}, {
		"Name": "Z004772"
	}, {
		"Name": "Z005897"
	}, {
		"Name": "Z003154"
	}, {
		"Name": "Z004771"
	}, {
		"Name": "Z003102"
	}, {
		"Name": "Z005564"
	}, {
		"Name": "Z005896"
	}, {
		"Name": "Z015271"
	}, {
		"Name": "Z012718"
	}, {
		"Name": "Z004924"
	}, {
		"Name": "Z002226"
	}, {
		"Name": "Z008577"
	}, {
		"Name": "Z002613"
	}, {
		"Name": "Z005833"
	}, {
		"Name": "Z008574"
	}, {
		"Name": "Z012570"
	}, {
		"Name": "Z006428"
	}	
	]
}